{"ability": [-32.55739212036133, -32.98093032836914, -32.631534576416016, -32.23708724975586, -32.284637451171875, -32.44499206542969, -32.52378845214844, -32.12075424194336, -32.33644104003906, -32.34441375732422, -32.23476791381836], "diff": [2.4462451934814453, 1.9040377140045166, 1.7806024551391602, 1.9282264709472656, 2.907987117767334, 2.3037221431732178, 2.4109790325164795, 2.409977436065674, 1.7681361436843872, 1.917029619216919, 2.277472972869873, 2.090348720550537, 1.8903244733810425, 2.206756830215454, 2.349928140640259, 2.5535888671875, 1.8517005443572998, 2.7967565059661865, 2.4617671966552734, 2.518325090408325, 1.9562675952911377, 2.321873664855957, 2.2849130630493164, 2.538745403289795, 2.8502509593963623, 2.2545347213745117, 2.252624034881592, 1.72510826587677, 2.4074549674987793, 2.734238624572754, 2.0541765689849854, 1.7974821329116821, 2.605879068374634, 2.3966124057769775, 2.4570343494415283, 2.3827033042907715, 2.8058021068573, 2.033658981323242, 2.7704901695251465, 2.21528697013855, 2.3137688636779785, 2.492448329925537, 2.0267980098724365, 2.278416872024536, 2.845302104949951, 1.8326213359832764, 2.6404998302459717, 2.3715765476226807, 2.480825185775757, 2.3833847045898438, 2.3560616970062256, 2.087662696838379, 1.993690013885498, 2.2953553199768066, 2.7149977684020996, 2.3839762210845947, 1.9791667461395264, 2.2878706455230713, 2.6141867637634277, 2.295473575592041, 2.553025722503662, 1.9418965578079224, 2.9267075061798096, 2.4384567737579346, 1.8286073207855225, 2.279214859008789, 2.278015613555908, 2.1934635639190674, 2.485807180404663, 2.542484760284424, 2.4283947944641113, 2.004619836807251, 2.6065516471862793, 2.048333168029785, 2.288647413253784, 1.907383680343628, 1.9976494312286377, 1.5352717638015747, 2.3168582916259766, 2.495577573776245, 2.325578212738037, 2.5043232440948486, 2.4480466842651367, 2.0404865741729736, 2.173468828201294, 2.2026851177215576, 2.3526902198791504, 2.756497859954834, 2.420762300491333, 2.7963597774505615, 2.072998285293579, 1.8814440965652466, 1.8324543237686157, 2.6825382709503174, 2.4839296340942383, 2.470337390899658, 2.1293978691101074, 2.445488691329956, 1.9240552186965942, 2.4143357276916504, 2.3923397064208984, 2.2330756187438965, 1.9052890539169312, 2.329118013381958, 2.0072615146636963, 2.5119011402130127, 2.514070749282837, 2.5013427734375, 2.114556312561035, 2.8116610050201416, 2.007089853286743, 1.909935474395752, 2.072683095932007, 2.3386430740356445, 2.1496496200561523, 2.1994638442993164, 2.445195198059082, 2.4684884548187256, 2.2668917179107666, 2.214448928833008, 1.8437007665634155, 2.2507717609405518, 2.135469913482666, 1.9586743116378784, 1.9248676300048828, 1.921857237815857, 2.8394453525543213, 2.1327998638153076, 2.2413339614868164, 2.254246473312378, 2.3276689052581787, 1.754978895187378, 1.6835260391235352, 2.142737865447998, 2.331198215484619, 2.5883989334106445, 2.1983580589294434, 2.1205151081085205, 2.740752935409546, 1.3154679536819458, 2.697707176208496, 2.582876443862915, 1.880376935005188, 1.980147361755371, 2.174825668334961, 2.5443053245544434, 2.553406000137329, 2.1540746688842773, 1.816741704940796, 2.0771095752716064, 1.7262762784957886, 1.6583887338638306, 1.8712226152420044, 2.2955586910247803, 2.6735379695892334, 2.2859978675842285, 1.930875539779663, 2.5599582195281982, 2.5219621658325195, 2.6242384910583496, 1.9078152179718018, 2.3470265865325928, 2.3522372245788574, 1.6644307374954224, 2.104282855987549, 1.9476958513259888, 2.740665912628174, 2.771383762359619, 1.9448883533477783, 2.344823122024536, 2.2994916439056396, 1.9720923900604248, 2.4462780952453613, 2.198679208755493, 2.9356088638305664, 2.290036916732788, 2.3814289569854736, 2.8945138454437256, 2.5076279640197754, 2.021721839904785, 1.9951722621917725, 2.245468854904175, 2.2054197788238525, 2.8271079063415527, 1.8476307392120361, 2.5526812076568604, 1.9674217700958252, 2.3155932426452637, 1.7187262773513794, 2.908881664276123, 2.2330214977264404, 2.3466389179229736, 2.754840612411499, 1.989585041999817, 2.455089807510376, 2.011136293411255, 2.5463640689849854, 2.7993180751800537],