{"ability": [-32.27912902832031, -32.543453216552734, -32.45835876464844, -32.19181442260742, -32.75569152832031, -32.49335479736328, -32.58831787109375, -32.3304443359375, -32.72590637207031, -32.86566925048828, -32.26553726196289], "diff": [2.3215389251708984, 2.4091358184814453, 2.2062172889709473, 2.3338558673858643, 2.3925280570983887, 2.848397731781006, 2.353442430496216, 2.691406726837158, 2.3588547706604004, 2.0653765201568604, 2.282576084136963, 2.5540881156921387, 2.238877773284912, 2.2919435501098633, 2.4359447956085205, 2.2925620079040527, 2.2967352867126465, 2.29242205619812, 2.439188003540039, 2.0517008304595947, 2.5294017791748047, 2.4591588973999023, 2.2789418697357178, 2.1409220695495605, 2.5829341411590576, 2.2515480518341064, 2.1892096996307373, 1.9026734828948975, 1.9682775735855103, 1.8533552885055542, 2.374396324157715, 2.2000694274902344, 2.988405704498291, 2.3269433975219727, 2.7738571166992188, 2.0850729942321777, 1.9815188646316528, 2.6334879398345947, 2.5864715576171875, 2.200632333755493, 2.3804216384887695, 2.186586618423462, 1.9261449575424194, 2.4345853328704834, 2.337536096572876, 2.1624715328216553, 2.227727174758911, 2.074795961380005, 2.447254180908203, 2.322425365447998, 1.980482578277588, 2.1112568378448486, 2.4148828983306885, 2.5380396842956543, 2.0547401905059814, 2.309561014175415, 2.1153664588928223, 1.9240121841430664, 2.3744900226593018, 2.067856550216675, 2.3060436248779297, 2.596242666244507, 2.385802745819092, 2.1671206951141357, 1.9497426748275757, 2.3773844242095947, 2.2099320888519287, 2.245488166809082, 2.168447256088257, 2.3514270782470703, 2.1953623294830322, 1.9707945585250854, 2.811429738998413, 2.2182745933532715, 2.524277925491333, 2.056480646133423, 2.5476129055023193, 2.349611520767212, 2.8106589317321777, 2.2775628566741943, 2.619534730911255, 2.2298808097839355, 2.047900438308716, 2.292710304260254, 2.140983819961548, 2.3120055198669434, 2.471710443496704, 1.9437299966812134, 2.613332986831665, 2.577958583831787, 2.514094591140747, 2.0494065284729004, 2.3088786602020264, 2.427908182144165, 2.316683769226074, 2.5280537605285645, 2.1662676334381104, 2.408902168273926, 2.2009315490722656, 2.2653722763061523, 1.8618159294128418, 2.0451223850250244, 2.1899428367614746, 2.130178213119507, 2.2495956420898438, 2.589909315109253, 2.2745754718780518, 2.395082950592041, 2.4670679569244385, 1.9227027893066406, 2.372945785522461, 2.261617660522461, 1.985499620437622, 2.4714107513427734, 2.1353442668914795, 2.1809427738189697, 2.3771255016326904, 2.538206100463867, 2.2529618740081787, 2.2950680255889893, 1.869165062904358, 2.4750213623046875, 2.289846420288086, 2.2504963874816895, 2.319539785385132, 2.5397610664367676, 2.2321536540985107, 2.1290056705474854, 2.1102781295776367, 2.24902606010437, 2.542471408843994, 2.33481764793396, 2.210310697555542, 2.1324386596679688, 1.684944987297058, 2.195791006088257, 2.13967227935791, 2.659247398376465, 2.253678321838379, 2.5946857929229736, 2.251185417175293, 2.0554893016815186, 2.0467276573181152, 2.118562698364258, 2.4235870838165283, 2.4482460021972656, 2.2999582290649414, 2.3941760063171387, 2.2787108421325684, 2.0695109367370605, 2.7289953231811523, 2.0647685527801514, 2.108060836791992, 2.0092763900756836, 2.0298309326171875, 2.571056604385376, 2.1918554306030273, 2.4475972652435303, 2.160944700241089, 2.1093475818634033, 2.1033706665039062, 2.0184638500213623, 2.330223560333252, 2.5657975673675537, 2.269163131713867, 2.110177516937256, 2.2355763912200928, 2.3254435062408447, 2.148603916168213, 2.2920055389404297, 1.755210041999817, 2.2253496646881104, 2.701824188232422, 2.483572244644165, 1.9983325004577637, 2.537087917327881, 2.242502212524414, 2.3252060413360596, 1.957434058189392, 2.2134945392608643, 2.2805051803588867, 2.352482795715332, 2.1638598442077637, 2.368198871612549, 2.535564422607422, 2.2423417568206787, 2.190594434738159, 2.63552188873291, 2.255323648452759, 1.9936531782150269, 2.3202450275421143, 2.5342719554901123, 1.935231328010559, 2.591529130935669, 2.150376319885254, 2.5217747688293457, 2.656850814819336, 1.9409832954406738],