{"ability": [4.922333240509033, 2.913465738296509, 2.454545497894287, 4.904285907745361, 0.4615246057510376, 3.6951828002929688, 5.374852657318115, 1.443135142326355, 2.015425443649292, -1.0253100395202637, -1.5044529438018799], "diff": [-3.352562427520752, -1.3719638586044312, 1.5533643960952759, 0.0376460924744606, 1.647931694984436, 1.2948188781738281, 1.7834010124206543, -2.9011499881744385, -0.7087399959564209, 0.4050467014312744, 1.9468333721160889, -0.2787199318408966, 3.1773574352264404, 3.388183832168579, 0.560742974281311, -1.1967445611953735, -4.887761116027832, 1.038151502609253, 0.0363624170422554, -4.875198841094971, 1.5791983604431152, -1.3744500875473022, 0.039501432329416275, 0.9433432817459106, 1.9600682258605957, 0.06058681756258011, -1.2083185911178589, 3.370278835296631, -1.4150079488754272, 1.004365086555481, -1.5476162433624268, -0.038560282438993454, -0.24934425950050354, 0.3816554546356201, 1.8788695335388184, 1.848995566368103, 0.8268759846687317, 0.40044301748275757, -0.26289424300193787, -1.271385908126831, -2.3465423583984375, -0.3316149413585663, -3.5366837978363037, -0.19708581268787384, 0.5326826572418213, 0.7209352254867554, -3.4754433631896973, -0.15980777144432068, 3.0210845470428467, 0.15627169609069824, 1.5338795185089111, 0.12048771977424622, 3.27994704246521, -1.3013747930526733, 0.4378168284893036, 1.6298091411590576, 0.5710734128952026, 0.25483638048171997, -1.4394563436508179, -0.8504053950309753, 3.9586265087127686, -1.5680822134017944, 0.868156373500824, -4.951056957244873, 2.048154354095459, -1.339490294456482, -2.1069509983062744, -1.0063557624816895, -0.31615149974823, -0.6429795026779175, 2.3379125595092773, 0.5029531121253967, -4.842493534088135, -0.21577928960323334, -1.951528549194336, 3.171229600906372, -4.953576564788818, 0.09672120213508606, 0.31227198243141174, 2.0567924976348877, 3.464618682861328, -1.1643520593643188, 0.5500887632369995, -1.3710758686065674, 0.4238536059856415, -0.4099395275115967, 1.1226348876953125, -4.9838714599609375, 1.8040186166763306, -0.2068377584218979, -0.40086981654167175, -4.281322002410889, 3.614915132522583, -2.297670364379883, 2.316115617752075, 0.9783802628517151, -2.55062198638916, -0.3579740822315216, 0.4120580554008484, -0.4043414294719696, -5.108904838562012, 2.456851005554199, 2.449522018432617, -1.2629785537719727, 0.6914911866188049, 0.20675590634346008, -1.4469547271728516, -2.6321816444396973, 2.00923752784729, 0.09724146127700806, 0.765282392501831, 0.6850619912147522, -2.542156457901001, 0.6057979464530945, -0.6955594420433044, 3.331383466720581, -0.40763482451438904, 1.9774255752563477, 3.1449062824249268, 0.2692911624908447, 3.2315852642059326, 3.421494245529175, 3.110210418701172, -0.22893798351287842, -0.34696123003959656, -0.61712247133255, 0.10946193337440491, 0.3662285804748535, -0.9229822158813477, 1.3878506422042847, -0.2671334147453308, -2.1353869438171387, -2.6669774055480957, 0.4676075577735901, -0.3288670778274536, -1.160544991493225, -0.302385538816452, -5.133168697357178, -0.4750708341598511, -1.2282066345214844, -0.07508891820907593, -4.135498523712158, -0.3097626566886902, 1.2597801685333252, 0.8110104203224182, 0.735627293586731, 1.197852611541748, -0.638974666595459, 2.0324745178222656, 2.6781728267669678, 0.20037367939949036, -3.6592750549316406, -1.1180078983306885, -1.9575731754302979, -0.07901030778884888, -1.4578155279159546, -3.8876376152038574, -0.24765644967556, 2.0745081901550293, 3.055342197418213, -2.286843776702881, 2.7237837314605713, -4.918116569519043, 1.5190361738204956, 0.7781338095664978, -0.19062452018260956, 2.1219286918640137, -4.823981761932373, 1.6585395336151123, -1.6860767602920532, -1.455229640007019, -2.502751588821411, -0.14129111170768738, -1.078366756439209, 0.7701553106307983, 1.4286577701568604, 0.21917349100112915, -2.2386562824249268, 0.6774194240570068, -1.7548556327819824, 1.7625645399093628, -4.774165153503418, 3.3678133487701416, -0.5799877643585205, -0.5558633208274841, 3.4122743606567383, -0.09701710194349289, 0.2391117960214615, 0.6814808249473572, -1.7997385263442993, 3.8219003677368164, -1.309423565864563, -0.1449357271194458, 1.0242273807525635, 1.5538958311080933, -2.266080141067505, 1.7300336360931396, 2.1728262901306152],