{"ability": [5.7500691413879395, 3.276895523071289, 3.1376218795776367, 5.758809566497803, 0.9032696485519409, 4.480412483215332, 6.944637775421143, 1.6669743061065674, 2.618290424346924, -0.9196252226829529, -1.5367627143859863], "diff": [-3.59735107421875, -1.5285329818725586, 1.7592453956604004, 0.3120635449886322, 2.0561819076538086, 1.8602527379989624, 2.1584033966064453, -2.969014883041382, -0.4955047369003296, 0.5913322567939758, 2.664564371109009, -0.39831385016441345, 3.8200690746307373, 4.052855968475342, 0.37904903292655945, -0.9012575745582581, -5.388723850250244, 1.4368137121200562, 0.4121024012565613, -5.326313495635986, 2.0033962726593018, -1.5072790384292603, 0.21316175162792206, 1.2734993696212769, 2.75276780128479, 0.15001550316810608, -2.4157845973968506, 4.325921535491943, -2.2025160789489746, 1.6105870008468628, -2.6833722591400146, 0.3864554166793823, -0.3987993597984314, 0.5682411789894104, 3.2098729610443115, 2.4436540603637695, 0.8089292645454407, 0.5346505641937256, -0.25951799750328064, -0.7506406903266907, -2.6152524948120117, -0.4350009560585022, -4.270747661590576, -0.13013644516468048, 0.6535776853561401, 1.129641056060791, -3.791375160217285, 0.0955485850572586, 4.242046356201172, 0.9152790904045105, 1.7526599168777466, 0.0075883097015321255, 4.490962505340576, -1.71868896484375, 0.43805423378944397, 2.0644707679748535, 0.9076926708221436, 0.222000852227211, -1.4913599491119385, -0.7195414900779724, 4.938305854797363, -1.48081374168396, 1.1270736455917358, -5.082042694091797, 2.8082480430603027, -1.2018332481384277, -2.219346284866333, -0.729804277420044, -0.2338465452194214, -0.5516396164894104, 2.7594709396362305, 0.7985920310020447, -5.475039482116699, 0.0517406240105629, -1.8896405696868896, 3.626321315765381, -5.02332067489624, 0.10340481996536255, 0.7307788133621216, 2.1331369876861572, 4.063704013824463, -1.0961897373199463, 0.5999591946601868, -1.4004722833633423, 0.8591750264167786, -0.061354465782642365, 1.2974416017532349, -5.477344989776611, 2.472768545150757, -0.053607720881700516, -0.3558845520019531, -3.946526527404785, 4.075595855712891, -1.9301173686981201, 3.3571481704711914, 2.0365731716156006, -2.985358953475952, 0.35618823766708374, 0.49350568652153015, -1.1741951704025269, -5.787674903869629, 2.912379741668701, 3.622708797454834, -0.9968078136444092, 2.840372323989868, 0.3718585968017578, -2.390432357788086, -2.9168078899383545, 2.32212233543396, 1.0194801092147827, 1.0625574588775635, 1.2386176586151123, -2.7743358612060547, 0.9296115636825562, 1.013756513595581, 4.029879570007324, -0.1003158688545227, 2.459913730621338, 4.375935077667236, 0.6182841062545776, 4.081061363220215, 4.581792831420898, 4.063313007354736, -0.13570751249790192, -0.03721625357866287, -0.2414681613445282, 0.1559014618396759, 0.5251643657684326, -1.0000327825546265, 1.9394360780715942, -0.070564404129982, -2.382795810699463, -2.847823143005371, 0.6636041402816772, -0.31457042694091797, -1.0311431884765625, -0.09566245228052139, -5.762157440185547, -0.07578257471323013, -2.5046403408050537, 0.08409496396780014, -5.001663684844971, -0.19336940348148346, 1.5820822715759277, 1.0043201446533203, 0.9753381609916687, 1.4479862451553345, -0.6323583722114563, 2.573162794113159, 3.8675038814544678, 0.1625640094280243, -4.225322246551514, -1.2654885053634644, -2.1293718814849854, -0.1297186017036438, -1.55940580368042, -4.235863208770752, -0.05123542621731758, 2.331312894821167, 3.7661144733428955, -2.535433769226074, 3.198244333267212, -5.280511856079102, 1.9292877912521362, 1.0549263954162598, -0.10361422598361969, 2.717416286468506, -4.415093421936035, 2.1691176891326904, -1.924980640411377, -1.8025717735290527, -2.6560206413269043, 0.024281654506921768, -1.3074190616607666, 1.0312602519989014, 2.760463237762451, 0.46830958127975464, -2.4290900230407715, 0.7354544401168823, -2.1906657218933105, 2.4650259017944336, -5.440404891967773, 4.021926403045654, -0.6134976744651794, -0.2237280160188675, 4.062307834625244, -0.042429376393556595, 1.0602384805679321, 0.8657959699630737, -1.958239197731018, 5.24514102935791, -1.1775470972061157, -0.1419488489627838, 0.94866544008255, 2.7636306285858154, -2.2584011554718018, 2.1968753337860107, 3.0558950901031494],