{"ability": [-3.907362222671509, -2.421916961669922, -2.9645309448242188, -3.5865321159362793, 3.657031297683716, -3.596958875656128, -6.3122100830078125, 0.48742640018463135, -2.7359979152679443, -1.426479458808899, -1.5785183906555176], "diff": [4.962916374206543, 1.1999222040176392, -1.8486719131469727, 2.1359431743621826, 1.0887682437896729, -2.8978326320648193, 1.5057790279388428, 3.059846878051758, 2.03887939453125, 1.8655011653900146, 2.502903461456299, 1.532551884651184, -3.349475622177124, -3.3759725093841553, -1.277135968208313, 2.4382760524749756, 7.923154830932617, 1.3366235494613647, 1.0856050252914429, 7.545714855194092, 0.578323245048523, -1.7120660543441772, 2.3644630908966064, 2.5169835090637207, -2.6563549041748047, 1.7856429815292358, -2.046365976333618, -2.5091097354888916, -1.9697649478912354, 4.297855854034424, 2.111396074295044, 3.6445016860961914, -3.552985191345215, 1.1351085901260376, 2.5113589763641357, -1.7701371908187866, 1.4973196983337402, 3.3057305812835693, -0.5438600182533264, -0.18086457252502441, 2.912264347076416, -1.5792267322540283, 2.125809669494629, -5.017043113708496, -1.187624454498291, 1.8382261991500854, 5.3427653312683105, 1.690386414527893, 2.2246603965759277, 0.23852455615997314, -1.4851717948913574, 1.025151014328003, 2.418316125869751, 1.6386964321136475, -1.289097547531128, 0.5146012306213379, -0.9872747659683228, 3.8334274291992188, 2.179081916809082, 2.993426561355591, -3.677607774734497, 3.4406449794769287, 2.708498477935791, 0.2603033483028412, 1.7432249784469604, 4.412219524383545, 1.9914164543151855, 0.7817628979682922, -0.34096845984458923, 0.44509443640708923, -5.3575239181518555, 0.31228312849998474, 7.774395942687988, 1.4937340021133423, 2.552961826324463, 2.4503912925720215, -8.867697715759277, 1.7934374809265137, -0.28285038471221924, -2.477154493331909, -2.0278892517089844, -1.3311357498168945, -0.9321614503860474, -0.3506135940551758, -0.2196761667728424, -6.890810966491699, 2.6517162322998047, 7.68760871887207, -2.109701156616211, 1.963796615600586, 0.9286789894104004, -8.457093238830566, 2.1486682891845703, -0.11464134603738785, 3.017179012298584, 1.36773681640625, 3.2632880210876465, 0.5801959037780762, 2.941593885421753, 0.8637663125991821, 7.52116060256958, -1.2826107740402222, -2.5094144344329834, -0.7044779062271118, -3.968327522277832, -0.050330474972724915, 1.5192410945892334, 3.1517465114593506, 2.107922315597534, 0.37982574105262756, -0.329887330532074, 1.5887994766235352, 3.5953874588012695, -0.18400415778160095, 2.7315070629119873, -3.3006389141082764, 2.4999020099639893, 2.129729986190796, -2.7691469192504883, 3.1138033866882324, -1.8027414083480835, 1.3778879642486572, -5.116420269012451, 2.753222942352295, 2.8224833011627197, -9.157217979431152, 0.8039933443069458, 0.21090394258499146, 1.427058458328247, -1.0748908519744873, 1.744092345237732, -0.831051766872406, 1.3461759090423584, 3.032705307006836, 1.6383960247039795, 2.6464362144470215, -0.3829970061779022, 7.784322738647461, 1.9592909812927246, 1.3692700862884521, -6.9129228591918945, -0.04691313952207565, -0.30348241329193115, -1.6754074096679688, 3.6293745040893555, 2.10509991645813, -1.3874760866165161, 1.4436018466949463, -4.362034320831299, -5.2073774337768555, 1.5399303436279297, 4.94534969329834, 0.9493377208709717, 1.29864501953125, 0.014158373698592186, -4.769867420196533, 4.991547584533691, -6.259432792663574, -2.4610507488250732, 2.5416676998138428, 3.824476480484009, 1.6369011402130127, 0.41256457567214966, 1.913336157798767, -1.531367301940918, 2.5675160884857178, -1.0454727411270142, 0.034204404801130295, -2.2123899459838867, 1.4841902256011963, -1.770848274230957, 3.0600709915161133, 1.6898398399353027, -0.2743571698665619, 0.38391026854515076, 2.0961034297943115, -0.5747309923171997, 2.1850688457489014, 1.2862013578414917, -2.4510374069213867, 1.553688406944275, 4.637940406799316, 2.3893914222717285, 1.5059770345687866, 0.4851698875427246, 2.568605661392212, 2.7084505558013916, 2.367811679840088, 0.7942705750465393, 3.2802140712738037, 7.638548374176025, -0.24306918680667877, 3.136476516723633, -0.171751469373703, 1.6659308671951294, 2.046510696411133, -1.7105586528778076, -0.9779021143913269],