{"ability": [-4.0154290199279785, -2.6470305919647217, -2.995328426361084, -3.8915979862213135, 3.629106044769287, -3.7816786766052246, -6.645613670349121, 0.2536394000053406, -2.917816162109375, -1.3343397378921509, -1.5617148876190186], "diff": [5.032707691192627, 1.0743595361709595, -1.955245852470398, 2.1528220176696777, 1.0329930782318115, -3.081709384918213, 1.167019248008728, 3.1439828872680664, 1.9667881727218628, 1.5724661350250244, 2.4433419704437256, 1.4288052320480347, -3.120612621307373, -3.3945579528808594, -1.4739298820495605, 2.463757276535034, 8.160618782043457, 1.404129981994629, 1.0572060346603394, 7.566842555999756, 0.4079880118370056, -1.895748257637024, 2.5472874641418457, 2.4616036415100098, -2.620488405227661, 1.7151328325271606, -2.1236765384674072, -2.8626842498779297, -2.474398374557495, 4.253645896911621, 2.188995838165283, 3.600600242614746, -3.6583313941955566, 1.226417064666748, 2.512087821960449, -1.773391604423523, 1.288260579109192, 3.3089537620544434, -0.6229785680770874, -0.4372294545173645, 2.8926358222961426, -1.7594953775405884, 2.138033628463745, -5.2538371086120605, -1.4605388641357422, 1.8439327478408813, 5.192311763763428, 1.9177072048187256, 2.3490395545959473, 0.28384023904800415, -1.6233813762664795, 0.8484784960746765, 2.430710554122925, 1.606740117073059, -1.2599000930786133, 0.2593766450881958, -1.1643857955932617, 3.5803415775299072, 2.197744131088257, 3.0355777740478516, -3.7938456535339355, 3.298060178756714, 2.4810900688171387, 0.16024942696094513, 1.8096487522125244, 4.209786415100098, 1.9637718200683594, 0.5753436088562012, -0.31044432520866394, 0.34887731075286865, -5.66965913772583, 0.300972580909729, 7.868210315704346, 1.5877537727355957, 2.4829084873199463, 2.4634737968444824, -8.991104125976562, 1.5689762830734253, -0.7363787293434143, -2.3232033252716064, -1.9349069595336914, -1.5582484006881714, -1.376936674118042, -0.3216811716556549, -0.669492781162262, -6.7933831214904785, 2.7341442108154297, 7.682587146759033, -2.049680233001709, 2.04148006439209, 0.8980749249458313, -8.86071491241455, 2.051945447921753, -0.2576085925102234, 2.9580955505371094, 1.0558754205703735, 3.278277635574341, 0.6043400764465332, 3.0819356441497803, 0.7816950082778931, 7.336524963378906, -1.4286274909973145, -2.6024880409240723, -0.7426778078079224, -4.042766571044922, -0.1826753467321396, 1.4578604698181152, 3.316382646560669, 1.574682593345642, 0.2712301015853882, -0.435260534286499, 1.7183119058609009, 3.5506646633148193, -0.29377979040145874, 2.7438974380493164, -3.427401542663574, 2.3805148601531982, 2.091329574584961, -3.257373094558716, 2.8300795555114746, -2.303029775619507, 1.3929400444030762, -5.265632152557373, 2.7743921279907227, 2.633167266845703, -9.283342361450195, 0.8183244466781616, 0.01236109808087349, 1.2402992248535156, -1.0908058881759644, 1.6326760053634644, -0.6814365983009338, 1.4005335569381714, 2.968024492263794, 1.4145487546920776, 2.610527753829956, -0.48720282316207886, 7.673807144165039, 1.8880468606948853, 1.5033413171768188, -7.298084735870361, -0.1828320324420929, -0.20147940516471863, -1.9021869897842407, 3.4059667587280273, 1.8938535451889038, -1.789979338645935, 1.2522625923156738, -4.569549560546875, -5.338630199432373, 1.446854591369629, 4.901529788970947, 0.9011829495429993, 1.4511739015579224, -0.14737167954444885, -5.327199935913086, 4.959099292755127, -6.390895843505859, -2.624392509460449, 2.410677194595337, 3.7824811935424805, 2.0427298545837402, 0.27026933431625366, 1.923911690711975, -1.690271019935608, 2.4979076385498047, -1.2381731271743774, -0.10778264701366425, -2.3990299701690674, 1.4111436605453491, -1.9772958755493164, 3.177870988845825, 1.9141532182693481, -0.3046450614929199, 0.3864673376083374, 2.222132682800293, -0.5223773121833801, 2.2158846855163574, 1.259721040725708, -2.5968663692474365, 1.4288334846496582, 4.701477527618408, 2.4384403228759766, 1.4354965686798096, 0.5215017199516296, 2.6712722778320312, 2.6758735179901123, 2.597400426864624, 0.6724709868431091, 3.2569773197174072, 7.692635536193848, -0.5470953583717346, 2.873910665512085, -0.4396028220653534, 1.7967207431793213, 1.802569031715393, -1.8432397842407227, -1.0889244079589844],